id,nombre_usuario,ip_privada,ip_publica,fecha_creacion
1,Víctor,,189.203.132.172,2024-08-09 06:59:30
2,Víctor,,189.203.132.172,2024-08-09 07:02:45
3,Víctor,,189.203.154.58,2024-08-09 18:09:20
4,Alex Santana,,189.203.154.58,2024-08-09 18:12:47
5,Alex Santana,,189.203.154.58,2024-08-09 18:12:54
6,Alex Santana,192.168.3.247,189.203.154.58,2024-08-09 18:19:24
7,Alex Santana,192.168.3.247,189.203.154.58,2024-08-09 18:19:30
8,Miguel A,,189.203.154.58,2024-08-09 18:21:35
9,Efren,164.56.41.189,189.203.154.58,2024-08-09 18:23:00
10,Efren,164.56.41.189,189.203.154.58,2024-08-09 18:24:01
11,Víctor,,189.203.154.58,2024-08-09 18:25:41
12,tania,,189.203.154.58,2024-08-09 18:25:46
13,tania,,189.203.154.58,2024-08-09 18:25:56
14,Víctor,,189.203.154.58,2024-08-09 18:25:56
15,Víctor,,189.203.154.58,2024-08-09 18:25:59
16,Víctor,,189.203.154.58,2024-08-09 18:26:20
17,Luz,,189.203.154.58,2024-08-09 18:28:00
18,Luz,,189.203.154.58,2024-08-09 18:28:05
19,Luz,,189.203.154.58,2024-08-09 18:28:30
20,Tania,,189.203.154.58,2024-08-09 18:34:54
21,Tania,,189.203.154.58,2024-08-09 18:35:07
22,Luz,,189.203.154.58,2024-08-09 18:35:32
23,Víctor,,189.203.154.58,2024-08-09 18:36:32
24,Víctor,,189.203.154.58,2024-08-09 18:36:39
25,Víctor,,189.203.154.58,2024-08-09 18:36:41
26,Luz,,189.203.154.58,2024-08-09 18:36:54
27,Roberto,,189.203.154.58,2024-08-09 18:39:43
28,Roberto,,189.203.154.58,2024-08-09 18:39:47
29,Roberto,,189.203.154.58,2024-08-09 18:39:53
30,Luz,192.168.3.238,189.203.154.58,2024-08-09 18:40:33
31,Efren,164.56.41.189,189.203.154.58,2024-08-09 18:44:17
32,Jorge,,189.203.154.58,2024-08-09 18:54:41
33,Roberto,127.0.0.1,189.203.154.58,2024-08-09 18:58:37
34,Roberto,127.0.0.1,189.203.154.58,2024-08-09 18:58:42
35,Jocelyn,192.168.3.244,189.203.154.58,2024-08-09 19:09:59
36,Jocelyn,192.168.3.244,189.203.154.58,2024-08-09 19:10:06
37,Tania,192.168.3.243,189.203.154.58,2024-08-09 19:17:07
38,Marco,164.56.60.68,189.203.154.58,2024-08-09 19:18:59
39,Tania,192.168.3.243,189.203.154.58,2024-08-09 19:31:14
40,Luz,192.168.1.76,189.142.163.70,2024-08-09 23:34:08
41,Marco,192.168.1.79,189.142.127.233,2024-08-09 23:46:47
42,Marco,192.168.1.79,189.142.127.233,2024-08-09 23:51:15
43,Jocelyn,192.168.1.8,189.203.228.198,2024-08-10 00:06:05
44,Jocelyn,192.168.1.8,189.203.228.198,2024-08-10 00:06:09
45,Jocelyn,192.168.1.8,189.203.228.198,2024-08-10 00:06:12
46,Jocelyn,192.168.1.8,189.203.228.198,2024-08-10 00:06:16
47,Jocelyn,192.168.1.8,189.203.228.198,2024-08-10 00:06:19
48,Marco,192.168.1.79,189.142.127.233,2024-08-10 00:08:02
49,Jocelyn,192.168.1.8,189.203.228.198,2024-08-10 00:15:06
50,Jocelyn,192.168.1.8,189.203.228.198,2024-08-10 00:15:10
51,Jocelyn,192.168.1.8,189.203.228.198,2024-08-10 00:15:14
52,Tania,192.168.100.99,138.186.28.19,2024-08-10 00:27:53
53,Tania,192.168.100.99,138.186.28.19,2024-08-10 00:30:35
54,Tania,192.168.100.99,138.186.28.19,2024-08-10 00:30:38
55,Marco,192.168.1.79,189.142.127.233,2024-08-10 00:44:38
56,Marco,192.168.1.79,189.142.127.233,2024-08-10 00:46:24
58,Marco,192.168.1.79,189.142.127.233,2024-08-10 01:34:55
59,Marco,192.168.1.79,189.142.127.233,2024-08-10 01:51:38
